{
    "accuracy": 0.984,
    "precision": 0.9840085125448029,
    "recall": 0.984,
    "f1_score": 0.9840003200320032
}